name,predicted
af3cfd57-cd9.jpg,steak
c28b4089-293.jpg,lasagna
4a5d8fbb-ed3.jpg,baked_potato
dd83d54f-86e.jpg,cheesecake
584b6892-599.jpg,eggs
56ec73be-da1.jpg,chicken_curry
54eb0274-6e9.jpg,baked_potato
387d38b4-f53.jpg,donuts
9067f279-4e6.jpg,eggs
8d3962ea-edc.jpg,omelette
15fb741e-263.jpg,cheesecake
b15763b4-198.jpg,cheese_sandwich
9771c4c0-820.jpg,spaghetti
2f5a8c72-944.jpg,omelette
647626dd-c45.jpg,baklava
6dfc6330-24d.jpg,eggs
6721c0c9-1a0.jpg,cheesecake
534e21c1-e38.jpg,sushi
fb9e8df9-37b.jpg,sushi
1f024d9b-0a0.jpg,falafel
001a051b-8e6.jpg,baklava
1cd13f6c-501.jpg,eggs
3d80d6d0-075.jpg,baklava
db3af632-a3d.jpg,pizza
47186865-920.jpg,chocolate_cake
50d8d261-ea9.jpg,eggs
9d06f902-1b9.jpg,hamburger
d5615c5f-b12.jpg,cheese_sandwich
9527ff46-396.jpg,lasagna
f1b14249-5c8.jpg,eggs
f80770e6-e38.jpg,caesar_salad
7ce6b562-220.jpg,french_fries
b2e5ac4c-15b.jpg,steak
77af9529-b85.jpg,hamburger
3bd9f73a-b4e.jpg,fish
8fc134e2-441.jpg,chicken_curry
1fc0f66a-519.jpg,chocolate_cake
477728ae-a0e.jpg,falafel
67c14b56-484.jpg,chicken_curry
cc1ed0ba-4ba.jpg,steak
365dbd92-806.jpg,steak
d97fc50d-2e7.jpg,spaghetti
a46fa7ed-71e.jpg,baked_potato
cb648550-3ed.jpg,hamburger
210613dd-939.jpg,caesar_salad
0fc25314-684.jpg,cheese_sandwich
eefb4bb9-639.jpg,caesar_salad
a51d4481-381.jpg,pizza
baf1d251-9e0.jpg,cheese_sandwich
6ae7c168-112.jpg,hamburger
3d3de899-9a2.jpg,chicken
5337c67e-b40.jpg,hamburger
93b36f4c-ebe.jpg,omelette
d2ae515e-a25.jpg,ice_cream
276a8fb5-f28.jpg,falafel
a2109dc5-deb.jpg,chocolate_cake
b2132b76-d06.jpg,fish
cfa75b54-d3a.jpg,sushi
21ca46c6-eec.jpg,sushi
c7fe5971-7c7.jpg,spaghetti
c91a3faa-044.jpg,hot_dog
4d665aef-2d8.jpg,ice_cream
5136d9a3-c88.jpg,ice_cream
f683db84-dc6.jpg,cheese_sandwich
41815c21-4c1.jpg,fish
a944e1bd-702.jpg,hamburger
02a4302e-d33.jpg,steak
d71869e5-e27.jpg,caesar_salad
85767fa0-dcc.jpg,chicken_curry
5a4aa491-088.jpg,french_fries
4df252dc-aee.jpg,lasagna
19eb4a72-4ef.jpg,chicken_curry
55569b3c-7b7.jpg,french_fries
010a93ac-a09.jpg,lasagna
3330915a-1b5.jpg,eggs
26c4cf6c-73b.jpg,chicken
20c39013-6a0.jpg,fish
a92945ff-771.jpg,ice_cream
4ffcba57-36f.jpg,french_fries
ec8d7e90-b6a.jpg,falafel
76a8c56f-243.jpg,spaghetti
82c28c4a-a71.jpg,donuts
6101c25b-477.jpg,spaghetti
38d2ee7a-1a9.jpg,chicken_curry
787d39cb-bdc.jpg,baklava
a06ecc17-dc5.jpg,omelette
bc69eb97-cd2.jpg,lasagna
495618c0-534.jpg,cheese_sandwich
b2f718ac-77d.jpg,ice_cream
cd0e9347-969.jpg,omelette
508588f8-d59.jpg,cheese_sandwich
c7fa60b1-1c4.jpg,eggs
76a39479-e35.jpg,donuts
29f31f80-328.jpg,pizza
32dae636-aa7.jpg,omelette
42971c9f-30f.jpg,cheese_sandwich
41790408-08f.jpg,eggs
ce3d8ae1-e25.jpg,steak
3d1caf2d-091.jpg,sushi
8c1f6c17-a6c.jpg,french_fries
f44aa5ab-504.jpg,baked_potato
e7943353-680.jpg,chocolate_cake
5dd68205-312.jpg,fish
a7db8a46-832.jpg,pizza
32e3d827-d2a.jpg,cheesecake
61bfae18-c48.jpg,omelette
269a2228-f6f.jpg,ice_cream
b76f3074-87b.jpg,cheese_sandwich
d0aee07d-11e.jpg,eggs
d19e766b-6fe.jpg,caesar_salad
653d38ce-3ed.jpg,caesar_salad
587e688b-b56.jpg,fish
968e64df-081.jpg,falafel
d80e11ee-567.jpg,french_fries
3362909b-c4f.jpg,french_fries
38f01382-02a.jpg,omelette
cef06a0c-945.jpg,omelette
30906027-81e.jpg,cheesecake
63d6c45f-590.jpg,chocolate_cake
402ff5aa-34f.jpg,omelette
37d30f12-3ce.jpg,french_fries
879ff736-013.jpg,french_fries
28a37cb6-de1.jpg,chicken_curry
659810e1-87b.jpg,cheesecake
adccaa13-f38.jpg,spaghetti
3fb73238-70b.jpg,baked_potato
1bfbbd3e-c32.jpg,french_fries
48ec5ef9-052.jpg,lasagna
20bd1c28-81b.jpg,lasagna
75c4da8c-aa8.jpg,baklava
4b2b5554-51b.jpg,omelette
5c0442e7-769.jpg,eggs
aa81e760-b63.jpg,steak
a045a660-d7e.jpg,chicken_curry
f4a78b68-170.jpg,chicken
9cbd6f82-9a5.jpg,french_fries
ba94815b-268.jpg,ice_cream
d80fa450-13a.jpg,omelette
306a6773-727.jpg,hot_dog
eabb936e-b63.jpg,caesar_salad
4e600b1c-3fb.jpg,chicken_curry
37e181f8-4ed.jpg,falafel
5dab5f5a-21c.jpg,hamburger
928e6b2e-aec.jpg,chicken_curry
87c206ac-a89.jpg,fish
dd2bde45-602.jpg,chocolate_cake
586e5181-613.jpg,baklava
5a9045f2-f4c.jpg,lasagna
5b9d76d5-d5b.jpg,caesar_salad
bbc2fd87-f46.jpg,cheese_sandwich
ba12895d-47a.jpg,hot_dog
c75cad6e-c21.jpg,steak
04b23252-c7a.jpg,caesar_salad
32f6f71e-912.jpg,sushi
1dead569-f85.jpg,lasagna
6f97db04-a02.jpg,baked_potato
26568754-c75.jpg,ice_cream
22c0c2ae-f09.jpg,baked_potato
5de2398c-952.jpg,ice_cream
8e782808-65e.jpg,donuts
131b6ad1-e07.jpg,chocolate_cake
4f1c0546-e58.jpg,eggs
0d59ae8f-718.jpg,caesar_salad
83d50eb9-aaa.jpg,hot_dog
37cd99b8-f33.jpg,hamburger
0b62098d-2ba.jpg,donuts
21478e4d-982.jpg,french_fries
772ae41e-e17.jpg,donuts
9109b889-625.jpg,chicken_curry
4711f993-019.jpg,falafel
aa72e74c-544.jpg,spaghetti
b9d8adfa-ce5.jpg,chicken_curry
adfb43d2-835.jpg,cheese_sandwich
29ca152d-08c.jpg,fish
b72c28f7-964.jpg,french_fries
560d1380-8a2.jpg,baked_potato
f328397b-333.jpg,chicken_curry
075c6513-2d1.jpg,sushi
af099466-a55.jpg,spaghetti
47426136-702.jpg,chocolate_cake
8f860f66-641.jpg,baklava
cd0dc8c9-30a.jpg,lasagna
bcce49ae-183.jpg,french_fries
66506628-658.jpg,hot_dog
16448130-634.jpg,ice_cream
cb70633d-9c3.jpg,falafel
dbfd2612-268.jpg,donuts
5b88e744-025.jpg,steak
e84cb2df-957.jpg,eggs
3079a7c3-5b2.jpg,spaghetti
c066b527-2a9.jpg,donuts
04cdb281-ef4.jpg,hot_dog
bf151b2e-144.jpg,baklava
5f16b933-d49.jpg,cheese_sandwich
f6cc67a2-cb8.jpg,donuts
6815d1f7-aa1.jpg,chicken_curry
55348863-935.jpg,sushi
308a6cc9-44d.jpg,baklava
581369ee-651.jpg,chicken
d593e3e8-f5f.jpg,ice_cream
6009701b-8fc.jpg,chocolate_cake
fcb77df5-fb3.jpg,steak
83082e02-78d.jpg,eggs
6b837de9-204.jpg,hot_dog
e1ee9fb6-07d.jpg,chocolate_cake
d0c084c9-c66.jpg,cheesecake
8382a8d5-4d7.jpg,ice_cream
1235367c-caa.jpg,chicken
c74feaee-50a.jpg,baked_potato
7715df69-967.jpg,fish
3aa8ed87-1a0.jpg,spaghetti
45d475a8-017.jpg,fish
4447e325-32a.jpg,fish
2f8664bd-d1c.jpg,baked_potato
9b4270fd-8f3.jpg,steak
57fa42c5-057.jpg,donuts
a8e629de-cd0.jpg,spaghetti
0c03359e-af7.jpg,fish
9a4fc1c6-3fc.jpg,french_fries
2aa84739-de8.jpg,cheesecake
64489d04-5cb.jpg,baklava
7325e18a-c84.jpg,hamburger
9ab16773-d14.jpg,chicken
32360129-2b4.jpg,donuts
4a6fe479-31d.jpg,cheese_sandwich
eff2f40a-3b3.jpg,lasagna
490260c6-f54.jpg,steak
6f55fa80-71a.jpg,baklava
27ce76bf-a90.jpg,cheese_sandwich
af0518b7-55c.jpg,spaghetti
eb163bf7-3a7.jpg,spaghetti
3e05675a-f79.jpg,lasagna
1c557ab3-c64.jpg,chocolate_cake
1556dc51-dfd.jpg,cheesecake
4bc6e9eb-9fa.jpg,baked_potato
1ad1a429-fcf.jpg,falafel
a3b87a63-430.jpg,caesar_salad
115cc374-866.jpg,hot_dog
23577070-111.jpg,baklava
0a2c0ea3-e02.jpg,chicken_curry
499e1374-ac8.jpg,chocolate_cake
b0c63d6d-164.jpg,hot_dog
45a982f9-4cb.jpg,spaghetti
c6b0aa5e-ae5.jpg,pizza
bef42a51-9ff.jpg,chocolate_cake
af2595eb-a42.jpg,caesar_salad
f3c25a72-039.jpg,ice_cream
aec2e475-8fe.jpg,falafel
8933d2cc-bd1.jpg,baklava
a4eebaf1-710.jpg,baklava
3d1902dd-12b.jpg,hamburger
19860b15-22e.jpg,chicken_curry
19363908-0ad.jpg,hamburger
e0b8734c-a62.jpg,hamburger
64732eaa-0be.jpg,chicken_curry
7c8b955b-3e7.jpg,ice_cream
4a63e70b-443.jpg,donuts
63fe93db-dde.jpg,ice_cream
586b7164-2a5.jpg,chicken
b13c6866-fbe.jpg,lasagna
83f1aaef-34f.jpg,falafel
6d46d2ec-1d5.jpg,eggs
6e9acb0e-9db.jpg,hamburger
a4f21e1b-e24.jpg,caesar_salad
b3f48a1f-1e8.jpg,fish
30aaa4af-44d.jpg,omelette
dfd64520-69e.jpg,steak
f7e32cdb-eae.jpg,hot_dog
7e35ab1a-7a8.jpg,sushi
0c0786c5-661.jpg,chicken
6dd8a94b-4b1.jpg,chicken_curry
0f32bd5b-a95.jpg,sushi
85f2829e-938.jpg,french_fries
ddb7df34-cd2.jpg,lasagna
5bf498ac-96f.jpg,cheese_sandwich
23ef30b9-c81.jpg,lasagna
6296d9aa-035.jpg,pizza
247f1814-848.jpg,caesar_salad
f6a535bd-93e.jpg,cheese_sandwich
6977f85b-254.jpg,falafel
1507b4d6-792.jpg,falafel
6fd93c24-fe8.jpg,lasagna
fae86284-d59.jpg,steak
e70bca7f-18b.jpg,sushi
e7004692-73a.jpg,baked_potato
24c3f710-8c1.jpg,baked_potato
d97f013c-a8c.jpg,lasagna
7e99de38-d44.jpg,fish
b1e6027b-652.jpg,fish
0eb2d00c-5b1.jpg,steak
77dec7ba-382.jpg,chicken_curry
57f32100-dfc.jpg,cheese_sandwich
e2c6095b-8b7.jpg,cheesecake
271763cc-63c.jpg,ice_cream
6ba581e6-312.jpg,baklava
a09d65cb-a83.jpg,hot_dog
823d4f7f-42b.jpg,pizza
c051c8c4-bad.jpg,falafel
785d02c7-5db.jpg,lasagna
96955322-a67.jpg,sushi
dcfadac3-f6f.jpg,hot_dog
e47fa4c0-fef.jpg,pizza
2fad3dd8-12b.jpg,steak
8a7d937e-071.jpg,donuts
1484ecb6-922.jpg,baklava
b205fa82-efe.jpg,french_fries
e815edf0-9f5.jpg,chocolate_cake
e74216f6-f7b.jpg,donuts
512871b0-e2b.jpg,chocolate_cake
0ec2bee3-760.jpg,caesar_salad
31f0e31b-ec6.jpg,ice_cream
df6cba32-401.jpg,cheesecake
c5dd8397-10c.jpg,steak
5bb24b56-a36.jpg,baked_potato
844e7c4c-749.jpg,ice_cream
08aaa8c1-e79.jpg,chicken_curry
427e144c-c78.jpg,chicken
a37312ec-6ea.jpg,steak
4a052390-1eb.jpg,chicken_curry
365854b7-119.jpg,baked_potato
b257c7d7-761.jpg,cheesecake
185b8ef7-add.jpg,baklava
05004932-3ce.jpg,caesar_salad
efcdd61a-0ff.jpg,hot_dog
ea4e88b5-bdb.jpg,fish
8c78e00c-52a.jpg,hot_dog
d6999ee9-953.jpg,chicken_curry
8c3be92d-6c4.jpg,sushi
e427a73b-970.jpg,chicken
5f56adac-a70.jpg,cheese_sandwich
a699e264-d89.jpg,chicken
6c9c83d4-77e.jpg,falafel
22096527-f5d.jpg,donuts
db0b8547-349.jpg,spaghetti
7e11105d-d8c.jpg,omelette
92c34164-64b.jpg,cheese_sandwich
86adec30-4e5.jpg,pizza
a74d3bb1-7fb.jpg,ice_cream
c606141e-d1b.jpg,chicken
5970d233-50d.jpg,steak
718a1d6c-882.jpg,pizza
30ffb489-31b.jpg,lasagna
911f6454-bb7.jpg,cheesecake
1a21aee7-f2a.jpg,eggs
09f569db-e0f.jpg,french_fries
e41926ea-e5d.jpg,sushi
ab305a2d-56d.jpg,falafel
c2d968c8-4b1.jpg,eggs
9d14fb8c-e6c.jpg,ice_cream
657471e2-722.jpg,steak
0b8d6e85-b00.jpg,omelette
f90251b5-23c.jpg,sushi
2010409b-756.jpg,spaghetti
3668d9f7-f26.jpg,caesar_salad
1a586fc6-fc9.jpg,baklava
2625e1a9-22e.jpg,hamburger
9178d217-04a.jpg,donuts
7c27f40d-e65.jpg,fish
a1dd048b-a12.jpg,caesar_salad
14db7573-a6a.jpg,omelette
143fb37a-8d2.jpg,baklava
1f966351-65f.jpg,eggs
115e9126-3ca.jpg,baked_potato
709eda24-a50.jpg,baked_potato
3777490b-272.jpg,baked_potato
bf96981a-a76.jpg,cheese_sandwich
70eb8e19-fe0.jpg,fish
cca65b74-ad0.jpg,lasagna
21a20a45-cba.jpg,lasagna
b598daf0-642.jpg,baklava
9d168513-bef.jpg,steak
099907e5-b84.jpg,eggs
323edca8-dca.jpg,cheesecake
be1b14d3-e55.jpg,cheesecake
2bbe9ccc-a19.jpg,cheese_sandwich
63027c8c-559.jpg,lasagna
35a675a0-f29.jpg,omelette
1140176b-748.jpg,chicken_curry
1d2c3e6e-df7.jpg,eggs
4a03f1b0-5ac.jpg,lasagna
94051cf2-37d.jpg,steak
fb861e07-852.jpg,baked_potato
d1497bb1-909.jpg,pizza
c371f775-f69.jpg,donuts
ace610df-719.jpg,chicken_curry
ca500f65-b71.jpg,eggs
4ebd6a83-43f.jpg,french_fries
f1dc5cbe-ade.jpg,baked_potato
890d18f9-5d0.jpg,falafel
b368947d-850.jpg,donuts
712fdfd4-fe3.jpg,fish
5c2985cb-2cd.jpg,lasagna
c8e19bf3-802.jpg,chicken_curry
c00ca71f-6d6.jpg,chocolate_cake
25a77262-6b4.jpg,chicken
1151f3aa-018.jpg,ice_cream
e1f29259-3af.jpg,ice_cream
1913cce3-531.jpg,steak
1c5e01a2-e28.jpg,caesar_salad
1283fbd3-c09.jpg,omelette
5eb04bcb-b5e.jpg,caesar_salad
cfaf4269-a6d.jpg,spaghetti
95d7d386-72d.jpg,caesar_salad
38640631-cf7.jpg,chocolate_cake
c31ad988-9fa.jpg,french_fries
0e38b9c2-3bc.jpg,falafel
ad6e8b66-091.jpg,cheesecake
2215b997-345.jpg,chicken
7d826764-e41.jpg,baked_potato
e9585312-94d.jpg,cheesecake
df7a095b-bd0.jpg,chicken
e623244c-803.jpg,chocolate_cake
4589b6dc-cfe.jpg,donuts
de2d50dd-3ee.jpg,lasagna
ea0e2c7a-ad7.jpg,chicken
0eec5765-c54.jpg,omelette
56bc139b-b30.jpg,french_fries
9137eaba-52f.jpg,chocolate_cake
1c5cdbee-053.jpg,hamburger
96ff3788-465.jpg,hot_dog
6a9ab5b6-caf.jpg,chicken_curry
ee6fc05c-167.jpg,cheesecake
be562572-504.jpg,french_fries
cbd40be9-cc8.jpg,lasagna
ea9351d8-801.jpg,falafel
82685549-9ea.jpg,cheesecake
473babee-220.jpg,hamburger
fdd5bc49-137.jpg,omelette
5cd105f0-622.jpg,cheese_sandwich
48f150a9-693.jpg,spaghetti
40b7fdce-23a.jpg,donuts
d2711317-a78.jpg,french_fries
a4e39fee-39d.jpg,cheesecake
6ccbe461-b8c.jpg,eggs
c2967743-59d.jpg,omelette
64fc9a01-82a.jpg,steak
2f31a20a-f6a.jpg,chocolate_cake
73ee81b8-7e0.jpg,eggs
0e533e2b-7be.jpg,hot_dog
05d43635-21a.jpg,chicken
d0760f64-f2f.jpg,donuts
d84aa532-a85.jpg,donuts
4095418a-295.jpg,baklava
16212fdf-270.jpg,cheesecake
e77fe682-79c.jpg,pizza
4b0aea83-eaf.jpg,eggs
2bb56dd4-248.jpg,pizza
c28c2e03-93b.jpg,french_fries
67b73482-dea.jpg,spaghetti
16bf9d7a-a15.jpg,cheese_sandwich
97f6ca01-040.jpg,french_fries
e3e98a67-2b7.jpg,omelette
93d256c2-659.jpg,hamburger
e093cc2e-d57.jpg,hamburger
96eb7198-aa8.jpg,cheesecake
0cc3e4d7-c5c.jpg,chocolate_cake
8d117f6b-ce6.jpg,chicken
40454ecb-ef5.jpg,caesar_salad
cba917e7-740.jpg,lasagna
58e6fcdb-73e.jpg,fish
8dfb19ab-223.jpg,french_fries
29612785-eaf.jpg,omelette
47074db5-929.jpg,cheesecake
fba78fba-867.jpg,omelette
83835268-ae0.jpg,donuts
f447a11e-ef6.jpg,steak
12109df5-361.jpg,ice_cream
48230033-135.jpg,french_fries
94b2df02-795.jpg,ice_cream
e26fed50-49c.jpg,french_fries
35c1808f-134.jpg,falafel
f4778c2b-a33.jpg,baklava
737f98dc-c57.jpg,chicken_curry
fda34449-8a6.jpg,cheese_sandwich
ea0f9efe-354.jpg,spaghetti
e4304a7f-af1.jpg,eggs
c88af22a-d5c.jpg,omelette
89103356-02e.jpg,donuts
779defd6-45f.jpg,cheese_sandwich
6b95f7fd-2b8.jpg,eggs
2b4af3d2-2be.jpg,fish
a4be20db-a75.jpg,cheese_sandwich
c347d27b-e96.jpg,hot_dog
b0dbf5ac-4b9.jpg,caesar_salad
f7c96374-0f0.jpg,hamburger
b53eaf46-4a2.jpg,chicken
079d7b0c-e4e.jpg,fish
8fe0bfbc-b9c.jpg,fish
c94a8d16-736.jpg,french_fries
995a1909-4e3.jpg,fish
485d96fb-c0f.jpg,lasagna
d4dab782-fef.jpg,sushi
775a1861-1ea.jpg,baked_potato
dee89839-f9f.jpg,eggs
2308c430-6ed.jpg,eggs
7fd3baf5-065.jpg,baklava
dcde54cf-c7e.jpg,fish
222aa918-243.jpg,steak
a729a93b-d0c.jpg,fish
42542a50-31e.jpg,steak
3ec9a4e8-3b2.jpg,caesar_salad
38385056-497.jpg,steak
0fdcb7a3-6f6.jpg,sushi
3f804ddc-f6d.jpg,hamburger
7c351717-19c.jpg,pizza
ea3c2adf-6e8.jpg,cheesecake
c02d0d10-595.jpg,cheesecake
5a375b24-d65.jpg,chocolate_cake
b1a3dbd8-8af.jpg,steak
00930d44-84f.jpg,hot_dog
265830f7-123.jpg,fish
bf49f4e5-435.jpg,baklava
74cf92fe-fc2.jpg,hamburger
fee796fa-edf.jpg,hamburger
b1a2b53a-f6a.jpg,pizza
79c7d261-1bd.jpg,baked_potato
1a5d872a-374.jpg,chicken_curry
a8d4fb91-50b.jpg,hamburger
87c442e8-ca2.jpg,hot_dog
ecbae283-a26.jpg,falafel
091f22d7-95d.jpg,donuts
3ac2cdff-aa6.jpg,hot_dog
a2112fb2-0e8.jpg,ice_cream
65c9697b-96f.jpg,ice_cream
ac6bc2fa-668.jpg,donuts
bc69c64d-c95.jpg,steak
66564475-a27.jpg,donuts
388e2368-2f5.jpg,fish
5a0b6380-827.jpg,sushi
fc919d02-d88.jpg,omelette
068b39f2-9bc.jpg,chocolate_cake
bb22c3b5-729.jpg,hot_dog
de6fed5e-051.jpg,hot_dog
ed8091bb-1ed.jpg,fish
f7ef8198-9be.jpg,french_fries
69ff7774-39c.jpg,fish
89da4a58-670.jpg,ice_cream
463b014b-115.jpg,chicken
37b0d0a7-180.jpg,ice_cream
01259e9a-6f7.jpg,baklava
3e51b660-009.jpg,baklava
9e844be2-c03.jpg,spaghetti
8bf31214-e01.jpg,caesar_salad
d9e82bce-441.jpg,steak
45a49900-aa1.jpg,spaghetti
8f903f19-637.jpg,spaghetti
0c6926ff-bd0.jpg,cheesecake
449e168a-91f.jpg,baklava
20ca109d-244.jpg,cheesecake
23f801e8-7b6.jpg,hot_dog
52cbdbe4-432.jpg,falafel
e46b78d2-792.jpg,sushi
7fa6badc-7f4.jpg,cheesecake
d97b379a-1b7.jpg,chicken_curry
b77d4d15-c8d.jpg,french_fries
70d95b96-933.jpg,fish
34a4c61c-ca4.jpg,baked_potato
0871d89b-291.jpg,eggs
ea871857-227.jpg,cheesecake
af2df9f4-eb3.jpg,chicken_curry
f7da70e6-4f1.jpg,chicken
593b2ad6-704.jpg,hamburger
18979f49-52e.jpg,baklava
e54cdabe-171.jpg,steak
393f72db-9ad.jpg,donuts
13d4c877-0c8.jpg,baked_potato
2d0c246a-183.jpg,baklava
9f17ac6c-57f.jpg,hamburger
0098bbdc-150.jpg,hamburger
0da5a538-223.jpg,hamburger
d665706c-fe4.jpg,lasagna
f8e4a570-0fe.jpg,fish
17255a0c-b1f.jpg,baklava
fd3aa582-50f.jpg,hot_dog
2618e7fd-43b.jpg,donuts
081bf902-527.jpg,chocolate_cake
eb6f4032-b61.jpg,chicken_curry
92ab6254-3a8.jpg,lasagna
ca3fe34f-a28.jpg,steak
dad50699-ea1.jpg,hot_dog
fc5f37e2-e8e.jpg,chicken_curry
e21846a1-237.jpg,ice_cream
969aa0ed-f56.jpg,cheese_sandwich
84c5e401-186.jpg,fish
dcc16448-364.jpg,caesar_salad
69e2e737-042.jpg,sushi
7bb1e0c4-dec.jpg,chicken_curry
a12b0673-e27.jpg,fish
39d68695-bef.jpg,hot_dog
fb458e96-042.jpg,baked_potato
c992c6fa-82b.jpg,caesar_salad
7e00ae87-0a4.jpg,chicken
d0371e6f-15c.jpg,baklava
57cdb25b-164.jpg,ice_cream
02fd4db0-fc6.jpg,sushi
5e8b0f88-816.jpg,spaghetti
980d99ca-399.jpg,baklava
c3fdf0b1-513.jpg,eggs
f2beab05-087.jpg,hot_dog
2a9b7cba-d8e.jpg,chocolate_cake
3dfcdc02-2e2.jpg,hot_dog
76c857c1-fbf.jpg,spaghetti
e00cff9b-baa.jpg,cheesecake
16dea90d-c26.jpg,hamburger
0d57a704-377.jpg,baklava
e616f516-130.jpg,steak
da696728-809.jpg,falafel
061f935b-d49.jpg,steak
b3652ea1-73e.jpg,chicken_curry
b5074bde-7d2.jpg,cheese_sandwich
ba937612-13d.jpg,lasagna
df7e674e-d7a.jpg,caesar_salad
f2d8dec3-6d8.jpg,pizza
56ce8843-a4f.jpg,ice_cream
df495dd2-b79.jpg,falafel
9e02ee1f-23c.jpg,sushi
9e2e3a54-3ca.jpg,baklava
95502d82-349.jpg,steak
cc5f3214-d2c.jpg,omelette
3f7d342d-d28.jpg,chocolate_cake
2d76df34-e67.jpg,fish
8e09ee91-bce.jpg,omelette
1ed4bd8e-7ee.jpg,eggs
3b7e7a74-f2c.jpg,pizza
6ff46bae-f75.jpg,french_fries
96515a69-b93.jpg,pizza
a5b4be9e-2f3.jpg,fish
0d9bd592-15e.jpg,cheesecake
29ac989a-e03.jpg,spaghetti
9511b4fb-2ef.jpg,hamburger
3d9f82b2-d7d.jpg,lasagna
2a468415-089.jpg,falafel
789bdc3c-e3a.jpg,eggs
2eb33177-864.jpg,chicken_curry
d9a3bd4a-734.jpg,falafel
3a1b00d5-be2.jpg,sushi
ea5b4bbb-540.jpg,cheese_sandwich
6ae4ebc0-b0c.jpg,cheesecake
98d9daa9-4d9.jpg,baklava
69d45fc1-1d7.jpg,chicken
dea9d71f-920.jpg,omelette
0c2ceb87-91c.jpg,chicken
adac2978-619.jpg,baked_potato
dcf92f8f-324.jpg,chicken
939e72ba-11a.jpg,caesar_salad
fb8051df-7b2.jpg,baked_potato
a514b987-f68.jpg,lasagna
c7de1cb0-94e.jpg,french_fries
96e68839-860.jpg,sushi
282afa8a-883.jpg,hot_dog
9934a82e-c54.jpg,eggs
deaa5127-6e7.jpg,steak
42a6de18-eef.jpg,sushi
a9e60f9c-112.jpg,donuts
db6f02a3-625.jpg,pizza
15b51d1a-b25.jpg,ice_cream
561b0993-8d2.jpg,baked_potato
5592d9c4-3d3.jpg,caesar_salad
6d2353eb-cce.jpg,omelette
519b2e7b-e3a.jpg,baklava
648c32ca-02a.jpg,chicken
40e981b2-4de.jpg,pizza
7a342512-655.jpg,chicken_curry
dd4062e6-179.jpg,hamburger
96853cb7-849.jpg,caesar_salad
680ea680-104.jpg,eggs
9f40f7b6-e51.jpg,hot_dog
7a4ea947-1da.jpg,caesar_salad
dc1dc63f-5f9.jpg,hamburger
19f0c8c8-209.jpg,donuts
ad99ea44-cf0.jpg,caesar_salad
f82c9f88-de5.jpg,pizza
37f9e1f5-e64.jpg,donuts
7bd2ccff-ee3.jpg,baklava
7fd44b96-adf.jpg,ice_cream
35aa382a-1e3.jpg,baklava
85c7b36a-28a.jpg,pizza
3b1f0cc4-8e6.jpg,ice_cream
e6f55c02-d09.jpg,chicken_curry
ca82ee87-66e.jpg,donuts
975db1c9-431.jpg,ice_cream
b4f8a186-54c.jpg,omelette
ff30b83a-121.jpg,chocolate_cake
8fcbb11b-3d8.jpg,hot_dog
53429c40-a63.jpg,cheese_sandwich
ff4e666f-a5c.jpg,chicken
acfb7d58-163.jpg,baked_potato
53733cc4-5cf.jpg,omelette
f0e58483-389.jpg,steak
2240e5de-17f.jpg,french_fries
9088a1b8-c95.jpg,spaghetti
71eefc52-c6c.jpg,eggs
b56b2a64-2f8.jpg,lasagna
7d67cea7-121.jpg,chicken_curry
c4269734-121.jpg,spaghetti
2cfa1a38-59e.jpg,hamburger
f19f6ab6-cf3.jpg,hamburger
88000241-384.jpg,chicken_curry
5162f078-c9b.jpg,eggs
113add8e-406.jpg,cheese_sandwich
06f4bf70-a14.jpg,lasagna
e85ed338-aac.jpg,french_fries
d1896f5c-fb8.jpg,ice_cream
6e6bd4aa-523.jpg,french_fries
cf7572a3-93f.jpg,chicken_curry
cfbf18b3-c11.jpg,falafel
3c938123-cf0.jpg,french_fries
2b5c6ca8-dfc.jpg,hamburger
158bc048-9f0.jpg,cheesecake
d38011b5-955.jpg,baklava
47febcca-89d.jpg,pizza
d3490b5d-bc5.jpg,chicken_curry
1c62bc99-5d7.jpg,fish
c1d77f32-073.jpg,baked_potato
fa33e775-2f7.jpg,ice_cream
fadf2400-4ed.jpg,chicken_curry
abe79991-3d8.jpg,french_fries
6aac078e-582.jpg,sushi
256308dd-3fa.jpg,cheesecake
e541345f-bd0.jpg,lasagna
f74d03cd-cf5.jpg,sushi
5a0d0b4f-c4b.jpg,ice_cream
9ee6ed61-3e7.jpg,pizza
dbf1eab6-7f5.jpg,spaghetti
1d5a21c8-c79.jpg,hamburger
c606a637-59d.jpg,french_fries
93c02e8d-bdb.jpg,sushi
51836489-e42.jpg,omelette
2ac01bee-0b5.jpg,spaghetti
c666e55b-30f.jpg,chicken
6b06dabf-5c1.jpg,donuts
55949653-51a.jpg,chicken_curry
21804a0e-a77.jpg,ice_cream
02e81e77-22f.jpg,ice_cream
4b868b54-d37.jpg,cheesecake
4fda37bb-b62.jpg,hamburger
c9f8c7e4-2fc.jpg,ice_cream
2152e091-263.jpg,hot_dog
f06911ea-21b.jpg,sushi
e4efeed8-c4e.jpg,omelette
48e73f7e-ac2.jpg,steak
0a9aa655-d49.jpg,pizza
b6925d0b-60a.jpg,french_fries
d91b9a46-c49.jpg,steak
5c1a11bb-b94.jpg,donuts
567ba6ee-88d.jpg,omelette
2e0488ff-49c.jpg,baked_potato
50ec43eb-c7c.jpg,sushi
8ad622b3-697.jpg,fish
4dbaef30-020.jpg,steak
09d38b9b-583.jpg,cheesecake
6df53bc5-d1b.jpg,fish
2e13f553-e18.jpg,pizza
9ba18e47-508.jpg,baked_potato
595db9d9-884.jpg,cheese_sandwich
08befa99-583.jpg,chicken_curry
98d44190-f9d.jpg,fish
33f91f46-9a1.jpg,spaghetti
c7812a0a-f63.jpg,baklava
e2bb2645-bc7.jpg,fish
d15f59d3-76a.jpg,steak
79a9a44c-cf4.jpg,baked_potato
1929b65f-41d.jpg,chicken_curry
add9643e-8d0.jpg,cheesecake
7d67b787-57a.jpg,chocolate_cake
3aaf5b88-b60.jpg,chicken
85b89a88-0ff.jpg,spaghetti
8bf24f02-510.jpg,steak
e4750667-27d.jpg,pizza
74bf1f4f-6ff.jpg,fish
f555f20d-a51.jpg,eggs
2862af5c-a67.jpg,steak
3bbc5834-35f.jpg,lasagna
d60c3920-a10.jpg,ice_cream
c2535680-d20.jpg,sushi
f5492157-152.jpg,fish
a4073bb7-94c.jpg,chocolate_cake
b99f5ecf-2a2.jpg,fish
397cc204-113.jpg,falafel
3e7d9bfe-854.jpg,eggs
834918f6-c0a.jpg,cheesecake
4921f0cd-59a.jpg,spaghetti
0f32d6b7-13b.jpg,chicken
6d7bfedc-57a.jpg,chicken
246bb052-c68.jpg,lasagna
575c8f02-5a9.jpg,hot_dog
59fc4893-b9b.jpg,baklava
485242c3-40e.jpg,donuts
68b72caf-d2b.jpg,lasagna
1cb58529-24c.jpg,caesar_salad
dc9a3a6e-3b2.jpg,french_fries
7d11988c-75a.jpg,chicken_curry
81d3a518-f16.jpg,steak
da5fa5c1-305.jpg,ice_cream
83aeb452-a13.jpg,french_fries
09b68a16-3ce.jpg,fish
8181ed51-bd2.jpg,cheese_sandwich
65b11e41-1e3.jpg,chicken
07f26dce-e90.jpg,falafel
9b731d8b-94d.jpg,spaghetti
1341ce33-a09.jpg,hot_dog
f76b776f-7de.jpg,caesar_salad
c097948f-a40.jpg,hot_dog
6adcd86c-d07.jpg,donuts
b7f43e0a-96d.jpg,caesar_salad
dda665ae-621.jpg,omelette
a6bfcc80-bda.jpg,chicken_curry
b8769160-f08.jpg,baklava
a2df51b1-8c9.jpg,chocolate_cake
ee1e3466-d46.jpg,hot_dog
d95c6b6e-062.jpg,falafel
d6901f00-4d3.jpg,spaghetti
caa61885-bf9.jpg,ice_cream
c5078b76-5d0.jpg,donuts
3d41a272-155.jpg,fish
0a3fa12b-c64.jpg,baklava
da035d9e-7b1.jpg,french_fries
413e10c2-15c.jpg,fish
a1d44212-120.jpg,caesar_salad
263d7af4-ea1.jpg,falafel
d84e1772-fde.jpg,pizza
c8c3e309-0f2.jpg,cheese_sandwich
7868dcd8-250.jpg,chocolate_cake
10b6be42-25d.jpg,chocolate_cake
752b2e02-667.jpg,ice_cream
0879e6ec-c6e.jpg,pizza
5c50c4be-f9e.jpg,eggs
0af1073f-c40.jpg,lasagna
57d375ac-640.jpg,hot_dog
b3e67d68-8f8.jpg,french_fries
a77790c2-1dc.jpg,donuts
2b9e9005-c45.jpg,cheesecake
ec1bebc7-124.jpg,donuts
9574cff7-059.jpg,pizza
327a6c48-027.jpg,falafel
36115a90-09a.jpg,fish
80694417-0ff.jpg,omelette
890b532f-38e.jpg,cheesecake
7130c29e-89b.jpg,falafel
bc3562cb-b1a.jpg,caesar_salad
204f611b-281.jpg,cheesecake
47c072fb-8a2.jpg,baklava
48ca7278-8d5.jpg,falafel
ad59a516-28f.jpg,chocolate_cake
2cdeb4bd-d64.jpg,hot_dog
f0ba46c9-fa5.jpg,chicken
e0235ff4-045.jpg,chicken
6e0564e3-89b.jpg,lasagna
81fc8c66-24c.jpg,hamburger
86abdda1-4ba.jpg,steak
f090f7ea-721.jpg,hot_dog
97a9ea6e-e05.jpg,sushi
0d12b826-9d7.jpg,donuts
1b543239-617.jpg,cheesecake
64bda41b-f30.jpg,french_fries
111afd2f-66c.jpg,eggs
05e40a2e-ebb.jpg,eggs
765b4a35-d53.jpg,eggs
b6b5d249-a1a.jpg,caesar_salad
3115e885-adb.jpg,lasagna
534cc6d4-00f.jpg,falafel
711ea8cf-7bf.jpg,spaghetti
cfb823bf-4c7.jpg,cheese_sandwich
f619cf68-d57.jpg,hamburger
cb5a7b53-ce8.jpg,baklava
a3043611-86a.jpg,hamburger
ccd01b35-652.jpg,hot_dog
25ef2ca4-dc7.jpg,caesar_salad
72c172e1-a4e.jpg,donuts
0c4192a4-ee5.jpg,ice_cream
d377063f-32e.jpg,fish
c09a3b5f-474.jpg,falafel
5012d9ab-3e4.jpg,steak
6d89d8e1-2cd.jpg,eggs
6f7cf585-205.jpg,caesar_salad
64888e74-b04.jpg,ice_cream
0ab2f510-5b5.jpg,hot_dog
0e59c0e0-420.jpg,pizza
4caf962b-6ee.jpg,hot_dog
80089144-00f.jpg,fish
13385eb0-304.jpg,hot_dog
421f11ca-09f.jpg,ice_cream
03a4f8f9-b49.jpg,omelette
04994893-290.jpg,baklava
1487174f-a9c.jpg,hamburger
35b6a534-286.jpg,chicken
418122b7-c99.jpg,lasagna
25e5c3d3-5f5.jpg,chicken
b5036c3c-084.jpg,baklava
45abfd3a-234.jpg,omelette
1d870ca1-5a1.jpg,hot_dog
d7d49b92-dc4.jpg,chicken_curry
b48c6a3e-fe2.jpg,eggs
6b2c6697-006.jpg,hot_dog
90b3c13c-2e0.jpg,fish
b8bab8b1-e4a.jpg,hot_dog
62d33e49-1d4.jpg,french_fries
2b7cd9e9-2f8.jpg,baked_potato
8fa7768e-267.jpg,eggs
75a09134-e69.jpg,chicken
e655deec-1fa.jpg,lasagna
01cf0154-029.jpg,eggs
009ab5ff-fb6.jpg,fish
57f9f22a-d54.jpg,baklava
43714a4f-48f.jpg,steak
15fa68fe-691.jpg,chocolate_cake
3da6e5b3-3ac.jpg,chicken_curry
c9749e8b-307.jpg,chocolate_cake
5b37dc15-f4a.jpg,omelette
563d9735-f16.jpg,french_fries
08e704ea-417.jpg,cheesecake
87b1d00e-5c0.jpg,omelette
b103d14e-195.jpg,spaghetti
947d8502-b6a.jpg,ice_cream
a6927be7-17c.jpg,omelette
4d7d9c43-f84.jpg,chocolate_cake
0fb48529-80b.jpg,steak
0146c66c-d0c.jpg,french_fries
aa5d12f3-9fb.jpg,cheesecake
c62e5da7-42b.jpg,chicken_curry
a89296c1-95f.jpg,eggs
42f934ab-651.jpg,pizza
4a60ff4f-0ab.jpg,donuts
c1802bf5-88a.jpg,caesar_salad
caa35f55-966.jpg,steak
1434d115-26a.jpg,lasagna
5d6d824e-608.jpg,cheesecake
a15a24a5-e38.jpg,spaghetti
3e64a94f-752.jpg,donuts
1474cb1f-e47.jpg,omelette
73592c3c-c06.jpg,pizza
d89189ea-a71.jpg,omelette
63675974-523.jpg,chicken_curry
83790aca-64a.jpg,chicken
ea08aa0e-111.jpg,baklava
962bacab-85c.jpg,sushi
088fba11-40e.jpg,baklava
f44f71ee-75c.jpg,donuts
2b5db3d8-9f6.jpg,hot_dog
8a9dae51-1ae.jpg,spaghetti
9a5b0881-b59.jpg,spaghetti
be7506e6-386.jpg,cheese_sandwich
a1f3c349-7f5.jpg,steak
9b85fa66-b7c.jpg,pizza
381fc93e-92d.jpg,pizza
9ae3c460-47e.jpg,eggs
349d0ad9-066.jpg,cheesecake
397919d7-f6a.jpg,falafel
b11820bb-020.jpg,falafel
84b0bab4-2e1.jpg,cheesecake
03338dae-9ed.jpg,omelette
6af5661d-88c.jpg,cheesecake
5d002c81-7bf.jpg,sushi
7442158b-438.jpg,baked_potato
5d1849f5-b3c.jpg,omelette
290ddd1d-6bb.jpg,donuts
52848001-bed.jpg,french_fries
aa6d6622-1ba.jpg,chicken
31257acd-f9a.jpg,caesar_salad
d9c1ae39-861.jpg,eggs
9299e3fc-aa3.jpg,omelette
845cf4d4-4e7.jpg,cheesecake
287ac48b-eac.jpg,falafel
4e00bc6c-789.jpg,baked_potato
d3194246-068.jpg,caesar_salad
c13738e2-99f.jpg,hot_dog
ec98e045-3e3.jpg,lasagna
91b705ff-ac1.jpg,chicken_curry
3397b853-9bd.jpg,caesar_salad
6694b238-8a4.jpg,chicken
8fe7c1d5-ee1.jpg,pizza
05f6c21e-5db.jpg,eggs
9e3ac394-933.jpg,fish
231fa8e5-516.jpg,chicken
c8357242-a4b.jpg,baked_potato
6c1515ac-20f.jpg,chicken
72c7ee2a-c34.jpg,fish
9bd26523-cf4.jpg,baked_potato
001f9917-8d1.jpg,fish
f6110336-03b.jpg,chicken
f411f2ee-d70.jpg,cheesecake
0b320128-4ae.jpg,omelette
b5612dd4-781.jpg,chocolate_cake
159e6f65-aad.jpg,french_fries
ebd9551a-1e5.jpg,baklava
dc9ffe27-82d.jpg,omelette
1d80d047-364.jpg,ice_cream
371be3a9-ac6.jpg,steak
5c6ee228-d07.jpg,sushi
dadd671b-a3b.jpg,cheese_sandwich
77947d6c-183.jpg,caesar_salad
b6624d49-bae.jpg,sushi
85568760-df7.jpg,baklava
715e1276-39f.jpg,omelette
339133a9-c1c.jpg,fish
d11a8f8b-77e.jpg,donuts
c0221a2c-3b1.jpg,cheesecake
eca06593-071.jpg,eggs
0921452c-7e5.jpg,eggs
84b3d0f8-7f6.jpg,french_fries
9b42552d-031.jpg,chicken
cc5c89d7-264.jpg,cheese_sandwich
1939c108-10c.jpg,caesar_salad
ef4b5e31-7de.jpg,baklava
e08f9ef5-3f3.jpg,fish
68405a0a-067.jpg,steak
bb02ee9d-759.jpg,omelette
ddc177eb-af5.jpg,ice_cream
5580fdc0-987.jpg,chicken
57a396d3-4c4.jpg,hot_dog
3eba5c98-990.jpg,falafel
c2f3d321-ae5.jpg,french_fries
806cb4d8-97d.jpg,cheese_sandwich
fda00874-041.jpg,sushi
61022f60-0f6.jpg,chicken
b835603b-174.jpg,baklava
d57e25e2-c9a.jpg,eggs
22196f74-525.jpg,hamburger
27007dd4-5ad.jpg,cheese_sandwich
4a350d92-a1c.jpg,spaghetti
67a11d71-537.jpg,hot_dog
7a57d2de-a79.jpg,chicken_curry
cf5da29d-099.jpg,donuts
f7750fe9-ebf.jpg,sushi
0ef64590-d92.jpg,chocolate_cake
8d5d7d5d-732.jpg,caesar_salad
1d0be64f-000.jpg,eggs
7f7cb524-319.jpg,spaghetti
e2089217-a3b.jpg,caesar_salad
06c62a22-152.jpg,baklava
7c52f291-7b1.jpg,donuts
7906ae72-ef1.jpg,chicken
1e9bbdd7-598.jpg,sushi
d112239a-448.jpg,cheesecake
b8217119-e12.jpg,cheese_sandwich
f26b8f66-91d.jpg,lasagna
e7a5f7d5-4e4.jpg,french_fries
e40e9b86-965.jpg,eggs
e0141b2f-e1e.jpg,baked_potato
c886be1f-e7c.jpg,hot_dog
3a4504c9-ccb.jpg,hamburger
9193ffbc-1d9.jpg,eggs
ba2a7470-e28.jpg,steak
a74d595f-33c.jpg,ice_cream
82f508f7-85d.jpg,hot_dog
6d21f461-405.jpg,chicken_curry
720febfe-427.jpg,baked_potato
e99b4498-841.jpg,pizza
8c9b06b3-834.jpg,sushi
ae5a3919-0f7.jpg,ice_cream
4f6edbf8-fb4.jpg,fish
9635149e-c42.jpg,baklava
8a04968d-00d.jpg,omelette
165bf7b9-8ac.jpg,cheese_sandwich
b84b8494-59c.jpg,french_fries
9565970c-30a.jpg,baklava
369560d5-181.jpg,donuts
31193cbc-b14.jpg,chicken_curry
a219ce3d-47f.jpg,caesar_salad
7cc32955-0f9.jpg,steak
44dab839-d11.jpg,steak
f4577b75-671.jpg,ice_cream
7ddda7a5-088.jpg,omelette
3a65b777-7d4.jpg,chocolate_cake
2bef985d-653.jpg,eggs
bfa1b974-880.jpg,falafel
08da3152-247.jpg,lasagna
7ccac137-09b.jpg,cheesecake
298ec333-355.jpg,sushi
27a722fb-49e.jpg,baklava
001bfca4-b75.jpg,cheesecake
319b9a35-474.jpg,baklava
1059a36f-4e5.jpg,sushi
6cb28c1d-70c.jpg,caesar_salad
ea973fe3-ab5.jpg,eggs
ec2996c7-d59.jpg,hamburger
705e7942-7d9.jpg,omelette
81fb6138-fdc.jpg,spaghetti
f95211ef-bfd.jpg,chocolate_cake
f20cf88b-444.jpg,hamburger
244ba088-ed0.jpg,steak
ee7d0a22-3a1.jpg,caesar_salad
bbba9de3-f7b.jpg,baklava
840ef517-938.jpg,pizza
0a6fea73-e32.jpg,baked_potato
43b70022-d52.jpg,caesar_salad
bcd09d09-add.jpg,falafel
3a2bbb79-5d9.jpg,fish
cbf2a20f-60b.jpg,steak
b3c844c6-41c.jpg,pizza
f7f04869-4b6.jpg,fish
68f57935-477.jpg,donuts
e44e714f-15d.jpg,chocolate_cake
596db463-3cc.jpg,omelette
a3524ccd-eb8.jpg,pizza
c10849c9-039.jpg,sushi
fbe3da58-316.jpg,chicken
d612e14a-73a.jpg,fish
22e60d36-5bb.jpg,cheese_sandwich
c7065059-efe.jpg,sushi
fbe58824-df5.jpg,donuts
f27b791f-c6f.jpg,omelette
95e8fbf3-118.jpg,lasagna
d3f2e4dd-d82.jpg,eggs
552d94ac-213.jpg,chicken_curry
e3813056-552.jpg,cheesecake
b5c51003-4c1.jpg,sushi
23144131-b79.jpg,baked_potato
885ec7f9-a7d.jpg,hamburger
64c856c1-494.jpg,fish
f0c5bfe0-fde.jpg,falafel
5c5e4791-825.jpg,baklava
03343bfe-b73.jpg,cheesecake
1683d981-f09.jpg,baked_potato
c29a1af3-c65.jpg,chocolate_cake
5e942d97-7f8.jpg,fish
336d1896-3c6.jpg,falafel
05a1c50f-e57.jpg,french_fries
f112dd1b-af6.jpg,cheese_sandwich
988fce2c-bcd.jpg,ice_cream
05cd59f8-fb5.jpg,french_fries
e0eccdbf-f5a.jpg,omelette
a6767a05-b49.jpg,omelette
058f5ba5-874.jpg,fish
660eb4f8-bad.jpg,steak
51d6a8e9-a32.jpg,spaghetti
79877613-28a.jpg,pizza
5773b4d4-f3c.jpg,eggs
02666b53-530.jpg,hamburger
dad28689-f6e.jpg,chicken_curry
0c1bb642-f1d.jpg,pizza
accfaf7e-015.jpg,omelette
8240575a-e45.jpg,chicken_curry
9e9aa09c-b25.jpg,lasagna
6198995b-8b6.jpg,chocolate_cake
72118452-4bd.jpg,omelette
f81f3c06-bd0.jpg,cheesecake
a7d030fe-5d5.jpg,sushi
cd1c6682-c40.jpg,chocolate_cake
8457b133-a9f.jpg,baked_potato
cd30f296-784.jpg,caesar_salad
db8d8c76-d18.jpg,chicken
53fb95f7-a6a.jpg,hot_dog
67dc0799-2e9.jpg,cheesecake
8028505d-c95.jpg,eggs
75e0315e-3d8.jpg,omelette
796b1447-2b2.jpg,baked_potato
c186defb-cd4.jpg,spaghetti
1e7ef0f6-941.jpg,fish
3d0fd156-6ac.jpg,steak
0760f70e-e72.jpg,spaghetti
28c901b7-ede.jpg,baked_potato
57f78c98-adc.jpg,fish
8af633cc-10f.jpg,steak
53a6265f-774.jpg,hamburger
605aa9d6-390.jpg,chicken_curry
b143cb9c-23e.jpg,chicken_curry
1aecfcd9-e65.jpg,donuts
7fad8835-0d7.jpg,cheese_sandwich
1d637d35-d41.jpg,ice_cream
eb138552-413.jpg,pizza
9f0c706a-fe4.jpg,hamburger
d2205071-227.jpg,hot_dog
23e952f0-a29.jpg,spaghetti
1c4ae583-6e0.jpg,caesar_salad
50453970-3df.jpg,baked_potato
68931c37-99e.jpg,chocolate_cake
58667e30-1b4.jpg,chicken_curry
5c2a8f25-98d.jpg,cheesecake
2c5529da-ba7.jpg,spaghetti
8d6c52bc-70b.jpg,cheese_sandwich
4db6b931-f72.jpg,steak
cc14430f-b3e.jpg,steak
699dbf34-687.jpg,chicken_curry
ab98d212-f59.jpg,ice_cream
4f0aaa28-a51.jpg,falafel
9ec762b3-ca9.jpg,sushi
729e1fd3-4d4.jpg,omelette
8024460a-c70.jpg,chicken
a783b698-cc6.jpg,baklava
fb769364-681.jpg,baklava
bb0e03ed-2c8.jpg,cheesecake
d0f04252-ab3.jpg,hamburger
8ef85e78-de9.jpg,eggs
b2507c57-396.jpg,spaghetti
e5ebf8d0-742.jpg,caesar_salad
78b06be3-035.jpg,ice_cream
407a56a7-ce2.jpg,eggs
65501f65-a30.jpg,chicken_curry
783c3d85-02a.jpg,caesar_salad
40147d11-ef3.jpg,french_fries
9f675e2c-970.jpg,chicken_curry
89fda763-c84.jpg,donuts
946f0cd3-b1a.jpg,pizza
59fd6395-2ae.jpg,cheesecake
65d3d622-32c.jpg,lasagna
dc9dd507-123.jpg,pizza
b070766c-305.jpg,falafel
0b8f475e-ff1.jpg,ice_cream
ae056ee2-6dd.jpg,lasagna
26ae6f80-926.jpg,cheesecake
1cc9f6d1-329.jpg,fish
40ca73ff-175.jpg,donuts
09be66f0-3f5.jpg,ice_cream
666efaa4-cba.jpg,spaghetti
b1cf889a-bb3.jpg,spaghetti
2eb478c1-a59.jpg,baked_potato
c5c4d2fc-2ba.jpg,caesar_salad
8e7f8b2b-1f2.jpg,cheesecake
1882334c-ccc.jpg,hot_dog
76f936b8-39e.jpg,lasagna
92cc8d22-116.jpg,steak
c67cfba2-658.jpg,ice_cream
060cccde-ca5.jpg,sushi
a92fc766-70a.jpg,chicken_curry
41a87661-778.jpg,donuts
a4948152-b23.jpg,chicken_curry
7b834e29-e91.jpg,chocolate_cake
68d00de5-f2f.jpg,caesar_salad
9a43756b-13a.jpg,baklava
8a35b09a-5e0.jpg,baked_potato
147b09a8-814.jpg,fish
457ba582-80c.jpg,lasagna
78a6f533-592.jpg,chicken_curry
40d075c7-aa3.jpg,caesar_salad
22f61612-7c1.jpg,baklava
13452707-d6d.jpg,pizza
cfafd850-a8e.jpg,chicken_curry
c9acc5d7-fb0.jpg,chicken
174d67f9-a38.jpg,cheese_sandwich
ea6741f1-ea7.jpg,fish
7f4305fd-6b4.jpg,fish
2a861234-bb5.jpg,ice_cream
55c42bb6-3e4.jpg,ice_cream
044ec7e8-7bb.jpg,baked_potato
3c94befd-485.jpg,french_fries
d71b43e0-8d1.jpg,cheese_sandwich
8525feed-505.jpg,eggs
b250cf63-154.jpg,lasagna
5e77bd65-79c.jpg,fish
90ebe49d-f20.jpg,pizza
aacd93ba-5b3.jpg,hamburger
8e82c902-cd0.jpg,baklava
1519ed47-b8a.jpg,donuts
9917c0ad-80b.jpg,baklava
bd7782d4-52e.jpg,eggs
3337f9b6-ecf.jpg,spaghetti
f968fefd-92e.jpg,baked_potato
599cc9ba-7b9.jpg,chocolate_cake
5a82a5fa-7c7.jpg,chicken
a9a2279b-557.jpg,donuts
70a7cc17-85a.jpg,falafel
30f3eebb-337.jpg,ice_cream
e354a7d2-baf.jpg,pizza
2baf4f62-dcc.jpg,spaghetti
6531dddf-b54.jpg,omelette
a5df590b-386.jpg,pizza
4bb63fae-206.jpg,chocolate_cake
73d28ef1-252.jpg,baked_potato
aa5bb92d-590.jpg,hot_dog
3a322088-ab7.jpg,baklava
d504f1cf-0b0.jpg,spaghetti
acdef1b3-ed8.jpg,eggs
b7fef411-59c.jpg,lasagna
a20d0766-08e.jpg,chocolate_cake
8778ffee-8b5.jpg,fish
587a17d8-316.jpg,fish
52e36c13-4f8.jpg,fish
470eab8b-d44.jpg,hamburger
90b2f991-779.jpg,hamburger
7c7c70af-c30.jpg,steak
f47e6c28-e88.jpg,omelette
9377f087-bbe.jpg,ice_cream
16c358c7-a97.jpg,steak
2c33c180-da9.jpg,chocolate_cake
30a7f65e-e3a.jpg,lasagna
c1012961-ce1.jpg,baked_potato
f5b974d7-d80.jpg,sushi
78f79890-30a.jpg,lasagna
6a7913f0-4e7.jpg,cheesecake
509abf66-bd9.jpg,steak
14764352-5de.jpg,pizza
477c024f-fbd.jpg,omelette
ba1ccfa1-254.jpg,baklava
8600c805-ffb.jpg,donuts
ac3ff919-69d.jpg,chicken
f0a399ca-16d.jpg,french_fries
be8c2088-e5c.jpg,omelette
925b1c55-20f.jpg,french_fries
f277b4f3-f7e.jpg,french_fries
7c5e943f-a01.jpg,fish
9086576d-d90.jpg,chicken_curry
239a761d-522.jpg,baked_potato
89a6c616-7bd.jpg,baklava
8b40e6ee-30f.jpg,donuts
3a5fcc2d-f62.jpg,omelette
40cfd3a6-4ad.jpg,cheesecake
06a76622-36d.jpg,cheesecake
a957d6c1-896.jpg,sushi
f6a2abbe-ee3.jpg,chicken_curry
98efd4a3-f4f.jpg,hot_dog
f4011828-a4f.jpg,hamburger
cd344448-3ee.jpg,baked_potato
4ab3d825-074.jpg,omelette
d1bda3c7-f36.jpg,omelette
6804cd44-93c.jpg,baked_potato
23e14a0f-1a2.jpg,chocolate_cake
0c8c412e-40c.jpg,pizza
71e04047-931.jpg,spaghetti
97eb9a25-38b.jpg,cheesecake
3866db34-d13.jpg,eggs
8c101aa6-44c.jpg,caesar_salad
e10f215d-c63.jpg,spaghetti
3cdead71-f4f.jpg,hamburger
8284f00a-7b9.jpg,caesar_salad
a9550599-4d2.jpg,ice_cream
6241f067-e38.jpg,hamburger
f43cf594-49f.jpg,ice_cream
bb666f4a-c1b.jpg,french_fries
f7132f2b-009.jpg,omelette
028b4c2b-cfa.jpg,chicken_curry
760a3284-d34.jpg,omelette
36853f02-aac.jpg,baklava
176e802a-6eb.jpg,chicken_curry
6ccd7037-5f8.jpg,sushi
2adcd6bb-591.jpg,hamburger
8bd4c1eb-4bc.jpg,cheese_sandwich
f3525651-dbd.jpg,steak
b0acaa55-11c.jpg,cheese_sandwich
c8acb1fd-09c.jpg,chicken
e0b1fc31-1d5.jpg,chicken_curry
d33a8968-0f6.jpg,pizza
31d05424-ce6.jpg,falafel
77fca4fa-fc0.jpg,steak
3e4278f9-145.jpg,omelette
2e02f2f2-508.jpg,fish
4a3398e1-91c.jpg,omelette
8b62b8c9-e91.jpg,cheese_sandwich
8bf297f0-b09.jpg,hamburger
58e1226f-aa7.jpg,baklava
5a2350b5-837.jpg,hot_dog
86a0049f-658.jpg,hamburger
a9f928f5-d6f.jpg,hamburger
cc438175-268.jpg,chicken
3f9272d7-e39.jpg,pizza
bcd280ef-bd2.jpg,eggs
32ee8252-795.jpg,falafel
27f6bd9b-87f.jpg,hamburger
1ab3d3bd-eab.jpg,ice_cream
0977374b-30c.jpg,spaghetti
a3de6fd9-c15.jpg,fish
9ae8d773-250.jpg,baklava
437b92b3-903.jpg,baked_potato
66e7dd16-710.jpg,omelette
0631cb09-2f3.jpg,cheesecake
d2f5b003-6c9.jpg,cheesecake
864cb173-95f.jpg,hamburger
aace7b65-830.jpg,lasagna
1da8b66c-6bd.jpg,chicken_curry
d17caedb-ee6.jpg,hot_dog
54e97c9c-e85.jpg,ice_cream
034fc2a8-3aa.jpg,sushi
1c594a23-0c1.jpg,baklava
f41354fd-6d2.jpg,baklava
5c826cf0-8a2.jpg,falafel
8dd249f7-c15.jpg,eggs
7cb99506-6ef.jpg,cheesecake
d44c5c49-8c6.jpg,fish
c9185bfc-7e5.jpg,sushi
3ae1fb29-ab8.jpg,chicken_curry
dc199664-60d.jpg,eggs
2f81cf82-1eb.jpg,fish
92fdf7c3-68e.jpg,caesar_salad
7a349fce-e89.jpg,caesar_salad
a4e16277-ed6.jpg,omelette
d5651e77-152.jpg,spaghetti
2604622e-53b.jpg,falafel
5e299b2a-09f.jpg,hot_dog
ff33277d-446.jpg,pizza
bf780c92-53a.jpg,eggs
d6c66c3a-dc9.jpg,cheese_sandwich
8a9d4b35-caf.jpg,chicken_curry
382a83a5-648.jpg,omelette
7e990c47-c3d.jpg,falafel
4a6b15e2-8a2.jpg,falafel
da1a2a64-c13.jpg,donuts
f7668162-dfd.jpg,donuts
c753f236-654.jpg,sushi
5117cece-73d.jpg,chicken_curry
76592183-062.jpg,baklava
9d7c8313-c6d.jpg,ice_cream
9a42fe54-864.jpg,omelette
e19c965b-1ac.jpg,omelette
06b8b573-0f0.jpg,ice_cream
719d3db9-e92.jpg,cheesecake
326e92ce-fc6.jpg,steak
c12c9463-742.jpg,lasagna
42a9383b-fd9.jpg,pizza
b243b908-76e.jpg,chocolate_cake
ba31b5cf-545.jpg,donuts
fccf20dd-24f.jpg,cheesecake
68fb162b-79e.jpg,lasagna
b28fc217-be5.jpg,donuts
f606490b-c75.jpg,omelette
d6947595-403.jpg,falafel
60fd8d7d-cb9.jpg,spaghetti
aaacf421-3b5.jpg,omelette
ffae3d32-778.jpg,lasagna
54f5e392-5db.jpg,baked_potato
4307bdb0-822.jpg,caesar_salad
b1f8d074-3fa.jpg,omelette
1ee59fb1-b3b.jpg,spaghetti
4f6618cb-83b.jpg,ice_cream
7da45065-2ad.jpg,ice_cream
aa710a90-414.jpg,chicken_curry
da0bfaaf-00e.jpg,chicken
fd447ad5-c0a.jpg,hot_dog
5e4be0e0-d19.jpg,pizza
8749ba61-9c1.jpg,cheese_sandwich
cc6ee73b-55d.jpg,french_fries
ac646fff-af7.jpg,eggs
2860cb08-125.jpg,spaghetti
1a47d29c-983.jpg,spaghetti
f822be23-9cb.jpg,eggs
8f88b79a-8cc.jpg,lasagna
d27e0892-0cf.jpg,chicken
c79e520a-934.jpg,ice_cream
1b4118fd-0d6.jpg,hamburger
e79fb6de-972.jpg,cheesecake
44904112-68f.jpg,cheesecake
1efedf45-92d.jpg,sushi
fd7f5052-b42.jpg,falafel
3712e690-c2a.jpg,cheesecake
c955dc63-197.jpg,spaghetti
cc303571-b11.jpg,hamburger
da74faf6-e86.jpg,fish
f0be0ff6-a13.jpg,falafel
2a9f8f74-b64.jpg,chicken_curry
44f7d8e8-72c.jpg,donuts
43a60d82-b1f.jpg,chicken_curry
771d6da4-270.jpg,chicken
ead9ebc3-879.jpg,pizza
fe697628-d08.jpg,caesar_salad
a0f8e3ab-dd7.jpg,eggs
5059d540-31f.jpg,chicken_curry
06463504-7e9.jpg,omelette
79868dc9-abd.jpg,ice_cream
20af1737-9df.jpg,pizza
c93be171-63c.jpg,chicken
83d6d2a5-82c.jpg,fish
5f01d042-6e3.jpg,hot_dog
d22a8a09-a05.jpg,donuts
87407f5e-6bc.jpg,ice_cream
cad96b4c-920.jpg,steak
57b6992b-617.jpg,hot_dog
e268c94f-540.jpg,ice_cream
74052b3d-789.jpg,chicken
8e53bb2b-1b9.jpg,caesar_salad
6bd1a545-e65.jpg,omelette
f21c263a-758.jpg,pizza
b1605875-4d0.jpg,lasagna
ff32cf16-a0a.jpg,pizza
178c997b-213.jpg,hot_dog
e083b05b-ea8.jpg,ice_cream
8a8863d0-79d.jpg,ice_cream
0581cda8-959.jpg,cheesecake
783ea3aa-863.jpg,chicken_curry
d7457448-702.jpg,hot_dog
08fbdc5d-5de.jpg,chicken_curry
3233f80e-f47.jpg,ice_cream
cd75396c-4c5.jpg,steak
6119770e-389.jpg,fish
33bff95b-285.jpg,cheese_sandwich
c224d341-d61.jpg,lasagna
aeb2fb86-d93.jpg,hamburger
db04983c-ff7.jpg,eggs
c083da1b-5dd.jpg,chicken_curry
ac8f8056-fab.jpg,falafel
7218df99-cba.jpg,sushi
142ef20c-5d6.jpg,hot_dog
8428d2e8-c31.jpg,steak
39901de9-ee8.jpg,chicken
351ff365-c17.jpg,sushi
996ddf7b-062.jpg,chicken_curry
d81090d0-a53.jpg,spaghetti
451ea55e-9ea.jpg,lasagna
0847acd6-6af.jpg,baked_potato
072bdc0e-19a.jpg,eggs
fe14477e-cf1.jpg,fish
2e7bb0e2-22c.jpg,cheesecake
69a7a51b-7ef.jpg,fish
57385d9a-945.jpg,omelette
8b12359c-ce7.jpg,fish
3d6542ad-08b.jpg,ice_cream
8ca8b727-35d.jpg,cheesecake
061af89b-8a7.jpg,hamburger
e857eb29-9e4.jpg,fish
7d794526-587.jpg,chocolate_cake
1108927f-1ec.jpg,lasagna
61a9b9c1-4ac.jpg,hot_dog
324e00be-e3c.jpg,cheese_sandwich
eef40ef1-e95.jpg,ice_cream
f15d3476-c3f.jpg,chocolate_cake
cac0e0a0-894.jpg,spaghetti
1c84ed30-0e7.jpg,falafel
66f324a4-b79.jpg,steak
071c9c38-d96.jpg,lasagna
82865f73-798.jpg,baked_potato
4169b5f6-e7e.jpg,baked_potato
4c3d2b8f-d2f.jpg,omelette
dfd3829e-262.jpg,spaghetti
86a49ec9-cb7.jpg,donuts
7a4d44cc-6e9.jpg,lasagna
44bd7bd4-e6c.jpg,hamburger
29df4d3b-9bd.jpg,chicken_curry
f30ff535-cd6.jpg,ice_cream
44e7d1d7-420.jpg,hot_dog
a00494d1-fef.jpg,pizza
8f857ce0-77f.jpg,chicken
1a654b13-139.jpg,hot_dog
a2ab9ccc-750.jpg,baked_potato
a67c1551-0dd.jpg,chocolate_cake
28913a3a-9c0.jpg,sushi
94d4830d-c87.jpg,chocolate_cake
eb935fae-901.jpg,spaghetti
61128816-d9d.jpg,chicken_curry
b25f34ee-0b9.jpg,donuts
ca14e54c-666.jpg,hamburger
8adcafb1-b4a.jpg,cheesecake
8ca177b4-5d9.jpg,cheesecake
5bd15ef3-522.jpg,cheese_sandwich
f348f29d-178.jpg,chicken
53aed569-1ea.jpg,lasagna
d533353e-8dd.jpg,lasagna
e918d6a0-cb4.jpg,donuts
d824af52-a12.jpg,hamburger
a257319c-9b9.jpg,pizza
1ec56fea-c49.jpg,baked_potato
82bd803c-d43.jpg,sushi
1ef839a1-e0f.jpg,spaghetti
b495c1d5-4f9.jpg,caesar_salad
71885ab3-36b.jpg,sushi
0c2b6e60-cb0.jpg,sushi
344dcfef-131.jpg,baklava
f97dbdf2-e57.jpg,chocolate_cake
d57d1c89-ec9.jpg,eggs
74b3bbe6-c0b.jpg,chicken
ac13a87c-dbe.jpg,caesar_salad
fb8718d6-183.jpg,lasagna
ffcbdebe-c37.jpg,fish
36e34e0d-fcd.jpg,spaghetti
062556f0-93b.jpg,chicken_curry
3a9710b0-82e.jpg,baked_potato
3242c5a9-530.jpg,omelette
9b101190-f75.jpg,pizza
9dbc569a-ca9.jpg,hamburger
90cdf725-d6c.jpg,cheese_sandwich
a70bd009-9d6.jpg,cheese_sandwich
beba5bd2-886.jpg,lasagna
1bf38c2b-fff.jpg,donuts
418e7df6-911.jpg,eggs
581566eb-8d8.jpg,chicken_curry
46474727-fd4.jpg,eggs
0d6bf3c1-0bc.jpg,omelette
5395320c-5b9.jpg,hot_dog
75744794-395.jpg,donuts
2b24e97e-5b7.jpg,donuts
122c1579-413.jpg,hamburger
ad4ec42f-ca5.jpg,hot_dog
8d49110d-dfc.jpg,steak
458555da-289.jpg,hot_dog
1810c6b7-a5d.jpg,pizza
e3c9ce89-949.jpg,chicken_curry
1c17c0f6-cf3.jpg,lasagna
f17a5223-f08.jpg,fish
9137280d-010.jpg,lasagna
b886f930-43c.jpg,pizza
e156953d-a70.jpg,baklava
c0eee53e-376.jpg,chicken_curry
b6a668c5-3c3.jpg,sushi
8e5ceca0-5da.jpg,french_fries
beeb84ac-bc1.jpg,chocolate_cake
f2e3493b-ac6.jpg,ice_cream
058a29c5-749.jpg,sushi
17e3ea3a-69b.jpg,omelette
f52be647-3ee.jpg,pizza
5253cb9e-791.jpg,falafel
0a395cc5-7c6.jpg,eggs
b6bac176-7ba.jpg,chicken_curry
e2b81bb9-270.jpg,chicken
ca086fe6-e8c.jpg,eggs
64a8547f-7fb.jpg,cheesecake
e3ff47e4-bb2.jpg,caesar_salad
92a9750f-88b.jpg,steak
afdbae80-978.jpg,pizza
b94c2bfa-431.jpg,donuts
8537e37f-bda.jpg,pizza
1b1b2135-592.jpg,french_fries
2db105dd-f3c.jpg,lasagna
aaab45c5-cd5.jpg,spaghetti
907b585e-86c.jpg,pizza
ed21ca39-a21.jpg,fish
ad467793-333.jpg,caesar_salad
0a3809c0-d18.jpg,spaghetti
481df7ba-1bb.jpg,chocolate_cake
0b818980-a9b.jpg,lasagna
86de3f83-b4f.jpg,baked_potato
8ed8efec-9be.jpg,cheesecake
ca63dd40-48c.jpg,pizza
0a5b00e7-bf3.jpg,eggs
9448eaae-23d.jpg,steak
90396121-377.jpg,cheesecake
02be56c2-4d7.jpg,chocolate_cake
84269598-bf3.jpg,ice_cream
0254df9b-459.jpg,pizza
5c417987-6bb.jpg,ice_cream
f4118dc2-ff8.jpg,donuts
93d89ba5-4a0.jpg,fish
1503e439-fb5.jpg,chocolate_cake
3b8e66d7-53b.jpg,fish
40a58458-ce9.jpg,cheesecake
12c41116-581.jpg,sushi
d0ff689a-3ff.jpg,french_fries
399fbf4f-2b3.jpg,hamburger
ba3683bc-6ce.jpg,donuts
62e111fc-751.jpg,baked_potato
742a04c3-a72.jpg,falafel
9e0204b5-596.jpg,steak
671c47db-c3e.jpg,sushi
880a0634-a5e.jpg,ice_cream
109e0400-1b2.jpg,spaghetti
cf65b5c8-293.jpg,caesar_salad
1253eb43-392.jpg,caesar_salad
ee37642c-478.jpg,baklava
f2b33e2a-5d6.jpg,cheesecake
dad237d3-23d.jpg,spaghetti
10a81ab6-9cb.jpg,ice_cream
a835f30f-c8e.jpg,pizza
8e0a9b8f-66f.jpg,ice_cream
1815386d-438.jpg,hot_dog
1cf2d8e0-d19.jpg,sushi
4c1ae9f5-2bd.jpg,lasagna
97062230-65d.jpg,baked_potato
b19a61e7-096.jpg,cheese_sandwich
dcd752d2-1be.jpg,chocolate_cake
f0ab4300-b38.jpg,pizza
dd60f182-06e.jpg,falafel
736426aa-586.jpg,chocolate_cake
1061a28e-7eb.jpg,ice_cream
af02305d-682.jpg,omelette
4500652d-ea4.jpg,baked_potato
3b55c65c-5af.jpg,omelette
f74f5c26-98d.jpg,steak
34083ab0-03c.jpg,steak
0c507eb9-098.jpg,chocolate_cake
513eeb98-038.jpg,chicken
994b3224-40e.jpg,chocolate_cake
0028f1c3-64a.jpg,hot_dog
d2f74db3-a7e.jpg,chicken_curry
34617bf2-b57.jpg,caesar_salad
d8ae150f-aaa.jpg,chicken_curry
d4638568-06f.jpg,cheesecake
83a7eaac-df0.jpg,eggs
dbf78042-039.jpg,cheese_sandwich
63ce97d1-f7b.jpg,chocolate_cake
521353d7-28a.jpg,french_fries
cc0227c5-86c.jpg,cheese_sandwich
1ba6057f-beb.jpg,hamburger
ee618900-1b3.jpg,cheesecake
38ad179e-c7d.jpg,donuts
7fc74b9b-ebd.jpg,chocolate_cake
520ad883-84b.jpg,omelette
c7a337b3-2ce.jpg,sushi
004932fe-111.jpg,chicken_curry
ac407456-29a.jpg,fish
c2ac5653-348.jpg,donuts
ecce7027-ee1.jpg,donuts
f9bada36-8df.jpg,eggs
052f39ff-56b.jpg,donuts
568621bc-f2e.jpg,omelette
2f0f536a-9a2.jpg,ice_cream
3d6a9b4d-465.jpg,sushi
83658dee-c4a.jpg,fish
432569f5-475.jpg,french_fries
ae0d5da1-45d.jpg,cheese_sandwich
beaed6c1-889.jpg,fish
e11c996e-a3c.jpg,falafel
844ea4b8-071.jpg,hamburger
2eae80e8-b44.jpg,falafel
fb0f9834-bed.jpg,cheesecake
379266b6-cb6.jpg,cheesecake
410451e4-7b0.jpg,ice_cream
284d8c39-faf.jpg,baklava
6f8f4d2a-086.jpg,pizza
18b15988-a0c.jpg,french_fries
04d8072b-024.jpg,chicken_curry
95bb354e-474.jpg,donuts
d96ac2cd-f40.jpg,pizza
4d3d963a-287.jpg,spaghetti
b8e48698-e40.jpg,cheesecake
050c486e-5cc.jpg,baked_potato
04132c0b-6a3.jpg,eggs
30f75e88-586.jpg,spaghetti
d9e07898-16d.jpg,cheesecake
79cb9055-423.jpg,cheesecake
5b469e13-cce.jpg,fish
f7d03f85-fc0.jpg,lasagna
7b3b3140-f8b.jpg,sushi
f4c16eae-217.jpg,caesar_salad
cf93300f-ad9.jpg,french_fries
968b8437-d48.jpg,sushi
1d3938ee-f31.jpg,chicken_curry
df00afcb-058.jpg,ice_cream
78c1b972-284.jpg,chocolate_cake
f97b6552-75e.jpg,baked_potato
de6196fb-18f.jpg,donuts
b103517e-426.jpg,baked_potato
9cbcbc8c-71b.jpg,donuts
4c20b43d-aca.jpg,omelette
4b0864cc-e4f.jpg,sushi
c44eca2d-3ad.jpg,hamburger
15c5345e-733.jpg,baked_potato
f75bcbc6-0e9.jpg,donuts
e61d4c0f-087.jpg,fish
2dc9381c-bf0.jpg,spaghetti
51986a63-d3a.jpg,fish
a2c4d81f-d0b.jpg,steak
c90a0f99-5ff.jpg,donuts
19d2a115-1aa.jpg,spaghetti
2c900f38-6a5.jpg,cheese_sandwich
32d10fbc-388.jpg,lasagna
cfe7110f-1e0.jpg,donuts
39fd0bcd-daa.jpg,pizza
ec56b3e2-bbb.jpg,eggs
0020bbed-a6b.jpg,lasagna
0965a27f-398.jpg,hamburger
99110fd8-67e.jpg,fish
f62feaf6-0c8.jpg,chicken
bdeafccc-04d.jpg,chocolate_cake
131dabce-689.jpg,fish
43f4081a-5fa.jpg,fish
d6144e59-508.jpg,caesar_salad
c4b7c4fd-f00.jpg,omelette
4212b500-2f7.jpg,cheesecake
c85e7b29-e6b.jpg,ice_cream
66479b85-ccd.jpg,caesar_salad
78f8f4f2-df4.jpg,chicken_curry
1b6d2ca4-4a0.jpg,caesar_salad
e6c24543-d42.jpg,spaghetti
a31a4c47-9e4.jpg,hot_dog
1d5077f3-708.jpg,lasagna
48327b52-59d.jpg,falafel
3c29dfa0-f1f.jpg,cheese_sandwich
5ed17355-78a.jpg,lasagna
35329faf-e33.jpg,fish
c43ef512-5ac.jpg,chicken_curry
912a33d2-579.jpg,chocolate_cake
f730a20d-3d2.jpg,chocolate_cake
6c9b8574-29d.jpg,donuts
5ff4be3c-89f.jpg,spaghetti
0d030887-7a1.jpg,spaghetti
cc2dc295-7f7.jpg,lasagna
eb1eb406-888.jpg,steak
cc05bde6-da0.jpg,ice_cream
a1cb99bd-b98.jpg,fish
ac69b854-c0a.jpg,hot_dog
ac02e8d4-eed.jpg,cheese_sandwich
20001e83-5c6.jpg,chicken
6117dd9d-2e1.jpg,caesar_salad
0d8120c0-7e4.jpg,falafel
f5cce42d-70e.jpg,ice_cream
eee53887-39e.jpg,chicken_curry
9c724904-2e4.jpg,hamburger
7f5ac757-c6c.jpg,omelette
a42a7a22-9ef.jpg,caesar_salad
c874959f-dc9.jpg,chicken_curry
c3596295-7db.jpg,chocolate_cake
22711964-de4.jpg,fish
7dc72a6f-a85.jpg,cheesecake
08516d06-6bd.jpg,steak
fc89f365-3a9.jpg,cheese_sandwich
43967450-92d.jpg,eggs
14233ed2-f54.jpg,pizza
414c06d0-e29.jpg,fish
ac93a325-d84.jpg,omelette
6bc50d1a-c55.jpg,cheese_sandwich
6ab54097-7bb.jpg,french_fries
e2524e02-885.jpg,donuts
cfd2957e-7da.jpg,cheesecake
dfa3bf76-594.jpg,hot_dog
ac56fd81-a6c.jpg,steak
f1d670ab-cdc.jpg,lasagna
c2f7c66a-9ff.jpg,omelette
46cf978e-b7a.jpg,falafel
1fdec34f-4df.jpg,chicken
6a1010f5-777.jpg,hot_dog
e940ddaf-9be.jpg,baked_potato
c15b0623-316.jpg,lasagna
bbcb4dc6-b44.jpg,omelette
183bbaee-e96.jpg,chicken
0c3ba1ce-00b.jpg,baklava
8d1452c3-aeb.jpg,baked_potato
34af192e-937.jpg,french_fries
5f9ed4bd-c7e.jpg,spaghetti
e74c0452-0af.jpg,caesar_salad
ad1e5c4f-4cd.jpg,steak
a88b0988-f8a.jpg,pizza
c30d0a41-d63.jpg,baklava
5eba8922-a8e.jpg,sushi
e945c6b4-fac.jpg,chicken_curry
6e3a42ef-6f7.jpg,baked_potato
2cc158e4-1d5.jpg,cheesecake
32825d02-f24.jpg,cheesecake
deeefdf1-b7a.jpg,donuts
fcccabe2-dea.jpg,hamburger
36c06c98-85e.jpg,pizza
4e740e95-379.jpg,omelette
1c4e1bc8-55d.jpg,chicken_curry
c5a96e9c-460.jpg,baklava
103398dd-49f.jpg,pizza
42e3d5fb-138.jpg,hamburger
433ca002-a8c.jpg,fish
df4d97bb-cd1.jpg,hamburger
1c40d2b4-c6a.jpg,spaghetti
9d8ac9dd-1f6.jpg,hamburger
93c83096-edc.jpg,french_fries
b4406fe7-ac7.jpg,sushi
5f914612-83f.jpg,baklava
299ffc83-1e7.jpg,ice_cream
f5285678-725.jpg,spaghetti
b560018b-43f.jpg,cheese_sandwich
028e6be4-492.jpg,eggs
ce076c97-cce.jpg,eggs
6e676021-f9d.jpg,baked_potato
c8b00ffc-ebf.jpg,pizza
909d0cd4-d15.jpg,donuts
2b353926-97c.jpg,cheesecake
bcd2a80b-521.jpg,ice_cream
b009bc25-191.jpg,fish
f1a9ec2a-494.jpg,fish
774aecdd-cdb.jpg,chicken_curry
6acad161-b39.jpg,hot_dog
16ca7276-f06.jpg,lasagna
8e753c99-ebd.jpg,chicken
82f8b4d8-f7a.jpg,pizza
2b7c389a-275.jpg,cheesecake
570d34be-255.jpg,omelette
2781e15b-9ee.jpg,baklava
a3c6634b-018.jpg,steak
380f3cbe-9da.jpg,fish
a2693132-321.jpg,caesar_salad
28e68736-a01.jpg,chicken
65f5591f-dc2.jpg,french_fries
3f01944c-eb1.jpg,donuts
5dd063ce-76c.jpg,fish
4723d694-0e7.jpg,omelette
d2d09aac-976.jpg,spaghetti
845e2ce4-5db.jpg,cheesecake
1a203dce-ea5.jpg,sushi
c4a771b9-6cd.jpg,french_fries
b13a9127-e37.jpg,steak
d32c02c6-98b.jpg,falafel
75d88294-2ca.jpg,fish
0d5fccde-c68.jpg,hot_dog
716a5cc6-eed.jpg,hamburger
0fed24c9-b05.jpg,sushi
3284c9dc-60c.jpg,fish
6998675b-567.jpg,lasagna
0e336fb3-d9a.jpg,baked_potato
c4fdb753-f6d.jpg,lasagna
07125a5c-3de.jpg,hot_dog
0c295e8f-46c.jpg,chicken
e71b7f44-27a.jpg,chocolate_cake
4f847b3e-266.jpg,steak
2f3c55bc-7c8.jpg,cheese_sandwich
520195d8-9ce.jpg,cheese_sandwich
212d64f2-422.jpg,baklava
ff59a672-526.jpg,french_fries
b32ca2e5-961.jpg,ice_cream
4846af14-ff2.jpg,baklava
ccf8d4d2-9c1.jpg,caesar_salad
c7a4750c-1b7.jpg,cheesecake
eb956c9b-c22.jpg,donuts
da89f825-c9e.jpg,steak
a14c9d9a-026.jpg,baked_potato
31d7c406-216.jpg,baklava
1f967a7b-d5f.jpg,omelette
038dc31d-095.jpg,fish
4acfb0e3-9ca.jpg,chocolate_cake
6c5e76c4-5c5.jpg,chicken
58022dcb-76e.jpg,falafel
9a128d5b-7da.jpg,cheese_sandwich
b2c94129-1d6.jpg,fish
cb76555b-6d6.jpg,steak
9506df96-5ae.jpg,spaghetti
38f1eb22-705.jpg,falafel
5bd995e0-a9e.jpg,lasagna
95bd02a1-095.jpg,baked_potato
12e45efe-89e.jpg,ice_cream
6763a91b-40a.jpg,falafel
5d67473f-b95.jpg,caesar_salad
95e2795d-578.jpg,donuts
a26bba7c-cf8.jpg,lasagna
89a11d52-3b9.jpg,caesar_salad
be190097-259.jpg,omelette
31f00c32-24a.jpg,eggs
78f80b2d-d2a.jpg,falafel
7134042f-bd4.jpg,french_fries
d8198b18-38e.jpg,omelette
6a75853e-cbd.jpg,omelette
ce12328e-885.jpg,steak
6e404220-93f.jpg,donuts
b80f524b-244.jpg,chicken_curry
f0d8cd03-2cd.jpg,chocolate_cake
9f9f22dd-104.jpg,chicken
496bc5e9-96a.jpg,eggs
83af92b2-84d.jpg,lasagna
f76a791c-c9a.jpg,chocolate_cake
862d6ef6-97a.jpg,chocolate_cake
6f82c47b-70b.jpg,cheese_sandwich
b45015ba-614.jpg,pizza
994877d2-492.jpg,baked_potato
c6dbffae-4a9.jpg,baked_potato
624728a9-f1d.jpg,hot_dog
fbea8489-fd4.jpg,baked_potato
b0dd3966-cd2.jpg,eggs
169cfb86-cc7.jpg,fish
f4726b9b-d2c.jpg,chocolate_cake
171734b7-2b5.jpg,caesar_salad
9553671b-0bc.jpg,ice_cream
3f5c8128-bc8.jpg,donuts
2387e71d-ff3.jpg,cheesecake
850ea865-591.jpg,baked_potato
17fe9ed5-649.jpg,spaghetti
255e3a25-b25.jpg,omelette
94fbdd29-8a9.jpg,chocolate_cake
eb5ac149-462.jpg,french_fries
6a4aa247-b2b.jpg,baklava
25185b42-d4d.jpg,french_fries
6a589c80-524.jpg,baked_potato
c54935ab-adb.jpg,french_fries
42304231-3a8.jpg,ice_cream
30eea99f-264.jpg,caesar_salad
c46e729a-9c8.jpg,omelette
d50b14f5-125.jpg,sushi
1fe8a017-b78.jpg,chicken_curry
a0ddd3d9-e3e.jpg,fish
0c52ee43-b82.jpg,donuts
a1817b2a-2f9.jpg,chocolate_cake
8b543f8a-c55.jpg,hamburger
5b0172c9-5af.jpg,sushi
fa8fe649-d49.jpg,chocolate_cake
22881d0c-5d0.jpg,cheese_sandwich
fccdcf96-a5e.jpg,cheese_sandwich
4f8335dc-005.jpg,steak
82375f21-7c4.jpg,ice_cream
a8ae7548-0c1.jpg,eggs
23c79d66-248.jpg,omelette
8e724a58-f4d.jpg,fish
b8fc88c1-146.jpg,chicken
e21e9b58-707.jpg,spaghetti
f0147ffd-a7b.jpg,donuts
60be9232-ca8.jpg,baklava
41c95d8c-974.jpg,baked_potato
47783b52-ce7.jpg,baked_potato
d34ce512-340.jpg,falafel
12d5c7cb-d49.jpg,spaghetti
c897c7e4-125.jpg,fish
f4750e20-69b.jpg,hot_dog
1d32bd6b-d27.jpg,spaghetti
3f779433-50c.jpg,sushi
8f8cefac-52b.jpg,caesar_salad
5ff38589-a42.jpg,spaghetti
55c19768-f7e.jpg,pizza
3fb2c39c-eb9.jpg,sushi
7b3927c9-180.jpg,caesar_salad
abbca6d9-ce0.jpg,baklava
c22efa55-f0e.jpg,hamburger
2fd37315-f11.jpg,pizza
c72d817b-665.jpg,steak
bb326ada-661.jpg,hot_dog
4ec79952-363.jpg,caesar_salad
14487ea3-280.jpg,fish
a46ab7e7-a99.jpg,fish
2aa13f13-43e.jpg,steak
84e03a15-10f.jpg,cheese_sandwich
122acc6c-db9.jpg,omelette
ef465cdd-9b7.jpg,hot_dog
471df083-4be.jpg,cheesecake
e163acde-e6c.jpg,eggs
bcd907bf-cab.jpg,caesar_salad
01f7d27e-90c.jpg,baked_potato
8d7fb94a-31c.jpg,hot_dog
4f2c11bf-f84.jpg,omelette
2327d9dd-9e4.jpg,chocolate_cake
8678ccdf-80e.jpg,cheese_sandwich
2c846c92-81b.jpg,cheesecake
ba56ab9f-beb.jpg,omelette
37e71b36-cc7.jpg,caesar_salad
0b31d2ac-68a.jpg,omelette
00b1390d-56f.jpg,chocolate_cake
c413694b-154.jpg,fish
ef5da425-006.jpg,donuts
18ca8bcd-978.jpg,chocolate_cake
820d9cd3-bfa.jpg,chocolate_cake
972a6a56-c61.jpg,donuts
75adfe15-7c0.jpg,cheesecake
2b5c1981-8fd.jpg,spaghetti
2ba5f314-2d3.jpg,lasagna
2dc63f14-e18.jpg,baked_potato
0d418e23-467.jpg,lasagna
ad89722c-25d.jpg,cheese_sandwich
5a343e19-f9d.jpg,chicken_curry
a2626756-1a3.jpg,falafel
93bdaf1f-1ac.jpg,ice_cream
d74da306-20e.jpg,pizza
2e8e0484-39c.jpg,falafel
cd5958f2-a00.jpg,cheesecake
e31228cb-970.jpg,steak
c1c121bf-181.jpg,chocolate_cake
0f9498fa-358.jpg,falafel
9ff40b61-dc8.jpg,cheese_sandwich
a1f39dfe-1ce.jpg,omelette
88f0066a-58b.jpg,hamburger
0d674314-9fd.jpg,steak
562ec160-014.jpg,spaghetti
03caf9a8-06d.jpg,sushi
a59c2ff0-2ff.jpg,donuts
5218f59c-b60.jpg,omelette
f8ef51d3-fc9.jpg,omelette
271aa23c-c96.jpg,baklava
a37ae866-fa1.jpg,chocolate_cake
8eb24415-f9a.jpg,baklava
6da9f51d-260.jpg,french_fries
726feff0-190.jpg,falafel
3e0aefdd-bb7.jpg,steak
aa099ef6-c68.jpg,eggs
c65d809b-856.jpg,falafel
9845ce1c-925.jpg,falafel
eaa6b560-2b1.jpg,hamburger
5d1366c6-6be.jpg,caesar_salad
7017785a-f9d.jpg,chicken_curry
00e74dbe-887.jpg,chocolate_cake
94b141af-355.jpg,steak
c76a6830-207.jpg,hamburger
f9e55f1b-538.jpg,sushi
a925c7ac-449.jpg,french_fries
d119af01-711.jpg,steak
e292bb06-4a7.jpg,chicken
a3ef7366-c87.jpg,pizza
7a23cb2b-b7e.jpg,cheesecake
4909b52c-8ff.jpg,eggs
d2fbbb63-5f4.jpg,cheese_sandwich
bc53fd1e-3af.jpg,ice_cream
bb17c53a-b33.jpg,chicken_curry
c35d5233-27a.jpg,baked_potato
8499d02f-2c9.jpg,omelette
717a2fe5-8e7.jpg,sushi
33d64c6a-917.jpg,steak
7ad75f81-04e.jpg,cheese_sandwich
46381559-b82.jpg,french_fries
067666fd-5f3.jpg,french_fries
d5496e7e-a45.jpg,steak
39b4d5ef-6fd.jpg,caesar_salad
b3c46bc4-6ef.jpg,cheesecake
5dd0d4ab-b43.jpg,chicken_curry
af7dc6d0-01d.jpg,ice_cream
73d2b63b-570.jpg,falafel
d94942e6-573.jpg,omelette
f3d68724-f49.jpg,lasagna
864e978b-fa6.jpg,chicken_curry
241f30fa-927.jpg,cheesecake
d5f64f3f-cc2.jpg,french_fries
2a385041-88c.jpg,chicken_curry
3cbfff86-9fa.jpg,omelette
6603c104-886.jpg,sushi
9891cf8b-271.jpg,pizza
31ea8bfe-f75.jpg,sushi
05965e8e-c30.jpg,baklava
8f3a75af-dea.jpg,chicken_curry
792b09ea-213.jpg,omelette
6edebe25-0dd.jpg,chocolate_cake
e577b13d-dd0.jpg,cheesecake
d1e21604-5ed.jpg,chicken
ff95b6ab-cae.jpg,french_fries
6643c554-85d.jpg,chicken_curry
7df53f2b-121.jpg,chicken_curry
94771a36-218.jpg,french_fries
f8681c3b-fa8.jpg,hamburger
162d0966-7c5.jpg,spaghetti
9db755a9-534.jpg,omelette
76ebb270-f96.jpg,baklava
cee9c374-d29.jpg,chocolate_cake
0fc72fd8-38f.jpg,cheesecake
fa15b518-ec7.jpg,spaghetti
9d588c4c-ef6.jpg,steak
f4cfecb3-774.jpg,donuts
82fdcdf3-937.jpg,falafel
ee99c599-2c5.jpg,french_fries
a399751a-5a6.jpg,chicken
59d1d115-4e4.jpg,ice_cream
c0ab2959-484.jpg,baked_potato
a1169d11-848.jpg,hot_dog
1fa75de2-409.jpg,falafel
dad62b54-b4b.jpg,hamburger
87afccc0-50c.jpg,donuts
86ad7650-eb6.jpg,cheese_sandwich
18da0e50-d25.jpg,fish
bc9b791c-770.jpg,hamburger
7fc5be6a-765.jpg,omelette
3f39cc02-797.jpg,ice_cream
0a57592f-943.jpg,cheesecake
f6c9b14c-587.jpg,hot_dog
f12a5ea3-81e.jpg,baklava
d367626b-66e.jpg,cheesecake
9200cdf2-7ca.jpg,caesar_salad
a989dd42-9b1.jpg,steak
54b6f3a4-4f5.jpg,eggs
adc3c3c5-48e.jpg,steak
a916a4b0-b27.jpg,hamburger
e57927c5-b1e.jpg,eggs
1fb51921-cf8.jpg,steak
02b9355a-ef7.jpg,cheesecake
d64835e2-d56.jpg,cheese_sandwich
d44a2793-09e.jpg,eggs
e8623937-7cd.jpg,baked_potato
a3bc099d-ec0.jpg,caesar_salad
3d736d7f-bda.jpg,cheesecake
b55b8e9c-c8a.jpg,chocolate_cake
8d833553-62a.jpg,hot_dog
f2e3eb03-544.jpg,hamburger
8ccffb2c-8a1.jpg,omelette
c8fbe55a-6db.jpg,hot_dog
b686bf17-235.jpg,baklava
7eeb5084-b3a.jpg,eggs
d338c88f-d0b.jpg,spaghetti
07980a02-849.jpg,fish
ef8a7c9d-4c7.jpg,chicken
75f39f5c-878.jpg,donuts
e8725a8c-1b5.jpg,falafel
5760396d-9b2.jpg,steak
4b70f592-ff9.jpg,donuts
3fe5185c-a3c.jpg,eggs
1b3196a5-40a.jpg,omelette
71173eb9-591.jpg,eggs
d24e7747-109.jpg,chicken_curry
955e8d1e-9ff.jpg,steak
724ad937-ac5.jpg,spaghetti
10e0490a-d93.jpg,pizza
d00aa60f-d79.jpg,sushi
779dc5af-199.jpg,sushi
d9608a2f-1a0.jpg,hot_dog
60762ff6-519.jpg,baked_potato
c26663eb-19d.jpg,spaghetti
381d21c0-8a0.jpg,eggs
3a370d43-c70.jpg,chocolate_cake
de69b8d7-818.jpg,fish
38c55c2a-617.jpg,chicken
98454416-c51.jpg,chocolate_cake
de31b349-2b3.jpg,lasagna
1ef6f90a-e97.jpg,cheese_sandwich
1a5e53d9-cf5.jpg,chocolate_cake
81f64a16-735.jpg,cheese_sandwich
46699475-273.jpg,cheese_sandwich
c8499e26-010.jpg,baked_potato
b809dd45-87a.jpg,hamburger
f692c1a7-6ab.jpg,cheese_sandwich
39091105-093.jpg,falafel
684f43f9-e50.jpg,pizza
4429efe4-428.jpg,fish
37bb0da3-942.jpg,chicken
8776e095-dd3.jpg,omelette
d33fbd08-240.jpg,donuts
c317302d-61d.jpg,hot_dog
40420f5c-8a2.jpg,chocolate_cake
90b23120-6ca.jpg,steak
1449f7a5-d8e.jpg,ice_cream
8102867e-ae5.jpg,sushi
0e4c2048-de3.jpg,omelette
f1c05a6f-285.jpg,chicken
2fe6d9c5-7de.jpg,steak
41b746f0-1ba.jpg,hot_dog
8463c371-cea.jpg,fish
5bef82bf-e3c.jpg,baked_potato
487f1f00-8db.jpg,ice_cream
3864a858-72c.jpg,omelette
51985c65-1bb.jpg,fish
d4b38772-fe7.jpg,ice_cream
99d178fb-609.jpg,cheese_sandwich
d6d82a75-f06.jpg,hot_dog
6972ffaf-926.jpg,pizza
f757da2f-16d.jpg,falafel
86d76463-551.jpg,hot_dog
281baf99-4ed.jpg,sushi
d6bffc6e-542.jpg,caesar_salad
aa318837-8eb.jpg,sushi
1c975212-15b.jpg,fish
cf0c8244-2a5.jpg,chicken
6c138be2-4c0.jpg,falafel
518da821-52d.jpg,chicken_curry
